{"app":["/app-dc24a387f1488cafec48.js"],"component---node-modules-gatsby-plugin-offline-app-shell-js":["/component---node-modules-gatsby-plugin-offline-app-shell-js-5d3e3dbea3f6c92bbad1.js"],"component---src-pages-about-js":["/component---src-pages-about-js-83801ae880a825689b71.js"],"component---src-pages-contact-js":["/component---src-pages-contact-js-f6720e66b1df42d5a70d.js"],"component---src-pages-huawei-repairs-js":["/component---src-pages-huawei-repairs-js-82727b075100078ebe9e.js"],"component---src-pages-index-js":["/component---src-pages-index-js-728760a232c4cc5be199.js"],"component---src-pages-iphone-repairs-js":["/component---src-pages-iphone-repairs-js-c3355d28c6b1a2b29abf.js"],"component---src-pages-pc-mac-repairs-js":["/component---src-pages-pc-mac-repairs-js-774d75bf6269bf4ccd69.js"],"component---src-pages-terms-js":["/component---src-pages-terms-js-a476e0e5c3f12100323f.js"]}