{"errors":[],"warnings":[],"namedChunkGroups":{"app":{"chunks":[11,1,0,2],"assets":["webpack-runtime-444eba055ac428f24ee2.js","webpack-runtime-444eba055ac428f24ee2.js.map","styles.ec032ef379eaed37b00b.css","styles-c97de8ffc6e466a0b8b1.js","styles-c97de8ffc6e466a0b8b1.js.map","commons-689329f89669791363c2.js","commons-689329f89669791363c2.js.map","app-dc24a387f1488cafec48.js","app-dc24a387f1488cafec48.js.map"],"children":{},"childAssets":{}},"component---node-modules-gatsby-plugin-offline-app-shell-js":{"chunks":[3],"assets":["component---node-modules-gatsby-plugin-offline-app-shell-js-5d3e3dbea3f6c92bbad1.js","component---node-modules-gatsby-plugin-offline-app-shell-js-5d3e3dbea3f6c92bbad1.js.map"],"children":{},"childAssets":{}},"component---src-pages-about-js":{"chunks":[1,0,4],"assets":["styles.ec032ef379eaed37b00b.css","styles-c97de8ffc6e466a0b8b1.js","styles-c97de8ffc6e466a0b8b1.js.map","commons-689329f89669791363c2.js","commons-689329f89669791363c2.js.map","component---src-pages-about-js-83801ae880a825689b71.js","component---src-pages-about-js-83801ae880a825689b71.js.map"],"children":{},"childAssets":{}},"component---src-pages-contact-js":{"chunks":[1,0,5],"assets":["styles.ec032ef379eaed37b00b.css","styles-c97de8ffc6e466a0b8b1.js","styles-c97de8ffc6e466a0b8b1.js.map","commons-689329f89669791363c2.js","commons-689329f89669791363c2.js.map","component---src-pages-contact-js-f6720e66b1df42d5a70d.js","component---src-pages-contact-js-f6720e66b1df42d5a70d.js.map"],"children":{},"childAssets":{}},"component---src-pages-huawei-repairs-js":{"chunks":[1,0,6],"assets":["styles.ec032ef379eaed37b00b.css","styles-c97de8ffc6e466a0b8b1.js","styles-c97de8ffc6e466a0b8b1.js.map","commons-689329f89669791363c2.js","commons-689329f89669791363c2.js.map","component---src-pages-huawei-repairs-js-82727b075100078ebe9e.js","component---src-pages-huawei-repairs-js-82727b075100078ebe9e.js.map"],"children":{},"childAssets":{}},"component---src-pages-index-js":{"chunks":[1,0,7],"assets":["styles.ec032ef379eaed37b00b.css","styles-c97de8ffc6e466a0b8b1.js","styles-c97de8ffc6e466a0b8b1.js.map","commons-689329f89669791363c2.js","commons-689329f89669791363c2.js.map","component---src-pages-index-js-728760a232c4cc5be199.js","component---src-pages-index-js-728760a232c4cc5be199.js.map"],"children":{},"childAssets":{}},"component---src-pages-iphone-repairs-js":{"chunks":[1,0,8],"assets":["styles.ec032ef379eaed37b00b.css","styles-c97de8ffc6e466a0b8b1.js","styles-c97de8ffc6e466a0b8b1.js.map","commons-689329f89669791363c2.js","commons-689329f89669791363c2.js.map","component---src-pages-iphone-repairs-js-c3355d28c6b1a2b29abf.js","component---src-pages-iphone-repairs-js-c3355d28c6b1a2b29abf.js.map"],"children":{},"childAssets":{}},"component---src-pages-pc-mac-repairs-js":{"chunks":[1,0,9],"assets":["styles.ec032ef379eaed37b00b.css","styles-c97de8ffc6e466a0b8b1.js","styles-c97de8ffc6e466a0b8b1.js.map","commons-689329f89669791363c2.js","commons-689329f89669791363c2.js.map","component---src-pages-pc-mac-repairs-js-774d75bf6269bf4ccd69.js","component---src-pages-pc-mac-repairs-js-774d75bf6269bf4ccd69.js.map"],"children":{},"childAssets":{}},"component---src-pages-terms-js":{"chunks":[1,0,10],"assets":["styles.ec032ef379eaed37b00b.css","styles-c97de8ffc6e466a0b8b1.js","styles-c97de8ffc6e466a0b8b1.js.map","commons-689329f89669791363c2.js","commons-689329f89669791363c2.js.map","component---src-pages-terms-js-a476e0e5c3f12100323f.js","component---src-pages-terms-js-a476e0e5c3f12100323f.js.map"],"children":{},"childAssets":{}}},"assetsByChunkName":{"app":["webpack-runtime-444eba055ac428f24ee2.js","styles.ec032ef379eaed37b00b.css","styles-c97de8ffc6e466a0b8b1.js","commons-689329f89669791363c2.js","app-dc24a387f1488cafec48.js"],"component---node-modules-gatsby-plugin-offline-app-shell-js":["component---node-modules-gatsby-plugin-offline-app-shell-js-5d3e3dbea3f6c92bbad1.js"],"component---src-pages-about-js":["styles.ec032ef379eaed37b00b.css","styles-c97de8ffc6e466a0b8b1.js","commons-689329f89669791363c2.js","component---src-pages-about-js-83801ae880a825689b71.js"],"component---src-pages-contact-js":["styles.ec032ef379eaed37b00b.css","styles-c97de8ffc6e466a0b8b1.js","commons-689329f89669791363c2.js","component---src-pages-contact-js-f6720e66b1df42d5a70d.js"],"component---src-pages-huawei-repairs-js":["styles.ec032ef379eaed37b00b.css","styles-c97de8ffc6e466a0b8b1.js","commons-689329f89669791363c2.js","component---src-pages-huawei-repairs-js-82727b075100078ebe9e.js"],"component---src-pages-index-js":["styles.ec032ef379eaed37b00b.css","styles-c97de8ffc6e466a0b8b1.js","commons-689329f89669791363c2.js","component---src-pages-index-js-728760a232c4cc5be199.js"],"component---src-pages-iphone-repairs-js":["styles.ec032ef379eaed37b00b.css","styles-c97de8ffc6e466a0b8b1.js","commons-689329f89669791363c2.js","component---src-pages-iphone-repairs-js-c3355d28c6b1a2b29abf.js"],"component---src-pages-pc-mac-repairs-js":["styles.ec032ef379eaed37b00b.css","styles-c97de8ffc6e466a0b8b1.js","commons-689329f89669791363c2.js","component---src-pages-pc-mac-repairs-js-774d75bf6269bf4ccd69.js"],"component---src-pages-terms-js":["styles.ec032ef379eaed37b00b.css","styles-c97de8ffc6e466a0b8b1.js","commons-689329f89669791363c2.js","component---src-pages-terms-js-a476e0e5c3f12100323f.js"]}}